[Header],,,,,,,,,,
IEMFileVersion,5,,,,,,,,,
Investigator Name,1,,,,,,,,,
Experiment Name,1,,,,,,,,,
Date,#REF!,,,,,,,,,
Workflow,GenerateFASTQ,,,,,,,,,
Application,NextSeq FASTQ Only,,,,,,,,,
Instrument Type,NextSeq/MiniSeq,,,,,,,,,
Assay,TruSeq Nano DNA,,,,,,,,,
Index Adapters,TruSeq DNA CD Indexes (96 Indexes),,,,,,,,,
Description,1,,,,,,,,,
Chemistry,Amplicon,,,,,,,,,
,,,,,,,,,,
[Reads],,,,,,,,,,
76,,,,,,,,,,
76,,,,,,,,,,
Primer type,i5+i7,,,,,,,,,
[Settings],,,,,,,,,,
Adapter,AGATCGGAAGAGCACACGTCTGAACTCCAGTCA,,,,,,,,,
AdapterRead2,AGATCGGAAGAGCGTCGTGTAGGGAAAGAGTGT,,,,,,,,,
,,,,,,,,,,
[Data],,,,,,,,,,
Sample_ID,Sample_Name,Sample_Plate,Sample_Well,Index_Plate_Well,I7_Index_ID,index,I5_Index_ID,index2,Sample_Project,Description
1-XAWO37,1-XAWO37,,,,D713,TTCCTCCT,D501,AGGCTATA,,ts95_E7251A
2-XAWO38,2-XAWO38,,,,D714,TGCTTGCT,D501,AGGCTATA,,ts95_E7251A
3-XAWO39,3-XAWO39,,,,D715,GGTGATGA,D501,AGGCTATA,,ts95_E7251A
4-XAWO40,4-XAWO40,,,,D716,AACCTACG,D501,AGGCTATA,,ts95_E7251A
5-XAWO41,5-XAWO41,,,,D713,TTCCTCCT,D502,GCCTCTAT,,ts95_E7251A
6-XAWO42,6-XAWO42,,,,D714,TGCTTGCT,D502,GCCTCTAT,,ts95_E7251A
7-XAWO43,7-XAWO43,,,,D715,GGTGATGA,D502,GCCTCTAT,,ts95_E7251A
8-XAWO44,8-XAWO44,,,,D716,AACCTACG,D502,GCCTCTAT,,ts95_E7251A
9-XAWO45,9-XAWO45,,,,D713,TTCCTCCT,D503,AGGATAGG,,ts95_E7251A
10-XAWO46,10-XAWO46,,,,D714,TGCTTGCT,D503,AGGATAGG,,ts95_E7251A
11-XAWO47,11-XAWO47,,,,D715,GGTGATGA,D503,AGGATAGG,,ts95_E7251A
12-XAWO48,12-XAWO48,,,,D716,AACCTACG,D503,AGGATAGG,,ts95_E7251A
13-XAWO49,13-XAWO49,,,,D713,TTCCTCCT,D504,TCAGAGCC,,ts95_E7251A
14-XAWO50,14-XAWO50,,,,D714,TGCTTGCT,D504,TCAGAGCC,,ts95_E7251A
15-XAWO51,15-XAWO51,,,,D715,GGTGATGA,D504,TCAGAGCC,,ts95_E7251A
16-XAWO52,16-XAWO52,,,,D716,AACCTACG,D504,TCAGAGCC,,ts95_E7251A
17-XAWO53,17-XAWO53,,,,S5749,CGAATACG,S5549,GTCGGTAA,,ts95_E7251A
18-XAWO54,18-XAWO54,,,,S5750,GTCCTTGA,S5550,TCAGACGA,,ts95_E7251A
19-XAWO55,19-XAWO55,,,,S5751,CAGTGCTT,S5551,ACCTGGAA,,ts95_E7251A
20-XAWO56,20-XAWO56,,,,S5752,TCCATTGC,S5552,AGACCGTA,,ts95_E7251A
21-XAWO57,21-XAWO57,,,,S5753,GTCGATTG,S5553,ACGGTCTT,,ts95_E7251A
22-XAWO58,22-XAWO58,,,,S5754,ATAACGCC,S5554,TGAACCTG,,ts95_E7251A
23-XAWO59,23-XAWO59,,,,S5755,GCCTTAAC,S5555,AGCTCCTA,,ts95_E7251A
24-XAWO60,24-XAWO60,,,,S5756,GGTATAGG,S5556,CTGGAGTA,,ts95_E7251A
25-XAWO61,25-XAWO61,,,,S5757,TCTAGGAG,S5557,AGGTCACT,,ts95_E7251A
26-XAWO62,26-XAWO62,,,,S5758,TGCGTAAC,S5558,GATAGGCT,,ts95_E7251A
27-XAWO63,27-XAWO63,,,,S5759,CTTGCTAG,S5559,GGAGATGA,,ts95_E7251A
28-XAWO64,28-XAWO64,,,,S5760,AGCGAGAT,S5560,GATACTGG,,ts95_E7251A
29-XAWO65,29-XAWO65,,,,S5761,TATGGCAC,S5561,TCTCGCAA,,ts95_E7251A
30-XAWO66,30-XAWO66,,,,S5762,GAATCACC,S5562,CTTCGTTC,,ts95_E7251A
31-XAWO67,31-XAWO67,,,,S5763,GTAAGGTG,S5563,GCAATTCG,,ts95_E7251A
32-XAWO68,32-XAWO68,,,,S5764,CGAGAGAA,S5564,TCTCTTCC,,ts95_E7251A
33-XAWO69,33-XAWO69,,,,S5765,CGCAACTA,S5565,GAATCCGA,,ts95_E7251A
34-XAWO70,34-XAWO70,,,,S5766,CACAGACT,S5566,TGGTACAG,,ts95_E7251A
35-XAWO71,35-XAWO71,,,,S5767,TGGAAGCA,S5567,GTACTCTC,,ts95_E7251A
36-XAWO72,36-XAWO72,,,,S5768,CAATAGCC,S5568,TGCGTAGA,,ts95_E7251A
37-XAWO73,37-XAWO73,,,,S5769,CTCGAACA,S5569,GGAATTGC,,ts95_E7251A
38-XAWO74,38-XAWO74,,,,S5770,GGCAAGTT,S5570,CTTCTGAG,,ts95_E7251A
39-XAWO75,39-XAWO75,,,,S5771,AGCTACCA,S5571,CTTAGGAC,,ts95_E7251A
40-XAWO76,40-XAWO76,,,,S5772,CAGCATAC,S5572,TCTAACGC,,ts95_E7251A
41-XAWO77,41-XAWO77,,,,S5773,CGTATCTC,S5573,GTACCTTG,,ts95_E7251A
42-XAWO78,42-XAWO78,,,,S5774,TTACGTGC,S5574,CAAGGTCT,,ts95_E7251A
43-XAWO79,43-XAWO79,,,,S5775,AGCTAAGC,S5575,GTAACGAC,,ts95_E7251A
44-XAWO80,44-XAWO80,,,,S5776,AAGACACC,S5576,TCGGTTAC,,ts95_E7251A
45-XAWO81,45-XAWO81,,,,S5777,CAACTCCA,S5577,ACGGATTC,,ts95_E7251A
46-AAWM04,46-AAWM04,,,,S5778,GATCTTGC,S5578,TGCTCATG,,ts24_E7251A
47-AAWM05,47-AAWM05,,,,S5779,CTTCACTG,S5579,GTCCTAAG,,ts24_E7251A
48-AAWM06,48-AAWM06,,,,S5780,CTCGACTT,S5580,GGTCAGAT,,ts24_E7251A
1-AAWM07,1-AAWM07,,,,S5781,GTACACCT,S5581,CATGAGGA,,ts24_E7252A
2-AAWM08,2-AAWM08,,,,S5782,CCAAGGTT,S5582,GCTATCCT,,ts24_E7252A
3-AAWM09,3-AAWM09,,,,S5783,GAACGGTT,S5583,ATTCCTCC,,ts24_E7252A
4-AAWM10,4-AAWM10,,,,S5784,CCAGTTGA,S5584,ATGACGTC,,ts24_E7252A
5-AAWM11,5-AAWM11,,,,S5785,GTCATCGT,S5585,TTAAGCGG,,ts24_E7252A
6-AAWM12,6-AAWM12,,,,S5786,CAATGCGA,S5586,AGTTCGTC,,ts24_E7252A
7-AAWM13,7-AAWM13,,,,S5787,GGTTGAAC,S5587,AACGTGGA,,ts24_E7252A
8-AAWM14,8-AAWM14,,,,S5788,CTTCGGTT,S5588,CTCTGGTT,,ts24_E7252A
9-AAWM15,9-AAWM15,,,,S6701,CACTGTAG,S6501,AGTCGCTT,,ts24_E7252A
10-AAWM16,10-AAWM16,,,,S6702,GTGCACGA,S6502,GCCTATCA,,ts24_E7252A
11-AAWM17,11-AAWM17,,,,S6703,ATGTTCCT,S6503,GGCGCTGA,,ts24_E7252A
12-AAWM18,12-AAWM18,,,,S6704,CATTATGG,S6504,ATGTGACT,,ts24_E7252A
13-AAWM19,13-AAWM19,,,,S6705,TCTTGTTT,S6505,GTGAAAGG,,ts24_E7252A
14-AAWM20,14-AAWM20,,,,S6706,GGCTTACT,S6506,AGGGAAAG,,ts24_E7252A
15-AAWM21,15-AAWM21,,,,S6707,ACGATATG,S6507,GAATTGTC,,ts24_E7252A
16-AAWM22,16-AAWM22,,,,S6708,ATCCGCAG,S6508,AGTCGTGT,,ts24_E7252A
17-AAWM23,17-AAWM23,,,,S6709,AAGCGACT,S6509,GGATTCGT,,ts24_E7252A
18-AAWM24,18-AAWM24,,,,S6710,TGATAGGC,S6510,ACTCAGAC,,ts24_E7252A
19-AAWM25,19-AAWM25,,,,S6711,AACACCAC,S6511,CTCACACC,,ts24_E7252A
20-AAWM26,20-AAWM26,,,,S6712,ACCTCTTC,S6512,TATGCAAG,,ts24_E7252A
21-AAWM27,21-AAWM27,,,,S6713,GTCCGATC,S6513,GGATTGGC,,ts24_E7252A
22-AAWM28,22-AAWM28,,,,S6714,GAGGACCA,S6514,ACCGGCAT,,ts24_E7252A
23-AAWM29,23-AAWM29,,,,S6715,CGCTCTTA,S6515,ACGGTATG,,ts24_E7252A
24-AAWM30,24-AAWM30,,,,S6716,CTGAGCTC,S6516,GCTCTGAT,,ts24_E7252A
25-AAWM31,25-AAWM31,,,,S6717,ACGAATCC,S6517,TGGGTAAT,,ts24_E7252A
26-AAWM32,26-AAWM32,,,,S6718,GTCTGAGT,S6518,CACAAGTC,,ts24_E7252A
27-AAWM33,27-AAWM33,,,,S6719,CCTAAACT,S6519,CTCCTCGT,,ts24_E7252A
28-AAWM34,28-AAWM34,,,,S6720,TGTCACAC,S6520,CGAGATTA,,ts24_E7252A
29-AAWM35,29-AAWM35,,,,S6721,GATATGAA,S6521,CTGCCGTA,,ts24_E7252A
30-AAWM36,30-AAWM36,,,,S6722,AAGTGTGG,S6522,GATGGGCA,,ts24_E7252A
31-AAWM37,31-AAWM37,,,,S6723,GTTGGCGT,S6523,GACTGCTG,,ts24_E7252A
32-AAWM38,32-AAWM38,,,,S6724,TAGCTGGC,S6524,AGCCGGTA,,ts24_E7252A
33-AAWM39,33-AAWM39,,,,S6725,ATTACCCA,S6525,CTACAGTG,,ts24_E7252A
34-AAWM40,34-AAWM40,,,,S6726,GACTTGTG,S6526,TCGTGCAC,,ts24_E7252A
35-AAWM41,35-AAWM41,,,,S6727,CAGGTAAG,S6527,ATTTCGAG,,ts24_E7252A
36-AAWM42,36-AAWM42,,,,S6728,AAGGAGAC,S6528,GTTGTGAG,,ts24_E7252A
37-AAWM43,37-AAWM43,,,,S6729,AGTCAGGT,S6529,GTGGTTAC,,ts24_E7252A
38-AAWM44,38-AAWM44,,,,S6730,ACCGTAAG,S6530,TGGATATG,,ts24_E7252A
39-AAWM45,39-AAWM45,,,,S6731,TATGACGT,S6531,GATTAGCG,,ts24_E7252A
40-AAWM46,40-AAWM46,,,,S6732,TTGGGTAC,S6532,GTTGGAAG,,ts24_E7252A
41-AAWM47,41-AAWM47,,,,D724,AATCCAGC,D507,ACGTCCTG,,ts24_E7252A
42-AAWM48,42-AAWM48,,,,S6734,GTTTGCTC,S6534,CTGTTGGT,,ts24_E7252A
43-AAWM49,43-AAWM49,,,,S6735,AGAAGCCT,S6535,ATACTGAC,,ts24_E7252A
44-AAWM50,44-AAWM50,,,,S6736,CTAGGTTG,S6536,GCTCGAAT,,ts24_E7252A
45-AAWM51,45-AAWM51,,,,S6737,TGTGTCAG,S6537,TACAGGTG,,ts24_E7252A
46-AAWM52,46-AAWM52,,,,S6738,AGAACCAG,S6538,AGAGTCGG,,ts24_E7252A
47-AAWM53,47-AAWM53,,,,S6739,ATTGGACA,S6539,TCCAGCAA,,ts24_E7252A
48-JAHR24xxy,48-JAHR24xxy,,,,S6740,ACCCGTTG,S6540,CGAAGCTG,,ts24_E7252A
1-NAVS59,1-NAVS59,,,,D701,ATTACTCG,D509,GCAAGCAA,,ts3_E7253A
2-NAVS60,2-NAVS60,,,,D702,TCCGGAGA,D509,GCAAGCAA,,ts3_E7253A
3-NAVS61,3-NAVS61,,,,D703,CGCTCATT,D509,GCAAGCAA,,ts3_E7253A
4-NAVS62,4-NAVS62,,,,D704,GAGATTCC,D509,GCAAGCAA,,ts3_E7253A
5-NAVS63,5-NAVS63,,,,D701,ATTACTCG,D510,AACCTCTC,,ts3_E7253A
6-NAVS64,6-NAVS64,,,,D702,TCCGGAGA,D510,AACCTCTC,,ts3_E7253A
7-NAVS65,7-NAVS65,,,,D703,CGCTCATT,D510,AACCTCTC,,ts3_E7253A
8-NAVS66,8-NAVS66,,,,D704,GAGATTCC,D510,AACCTCTC,,ts3_E7253A
9-NAVS67,9-NAVS67,,,,D701,ATTACTCG,D511,AACCAGGT,,ts3_E7253A
10-NAVS68,10-NAVS68,,,,D702,TCCGGAGA,D511,AACCAGGT,,ts3_E7253A
11-NAVS69,11-NAVS69,,,,D703,CGCTCATT,D511,AACCAGGT,,ts3_E7253A
12-NAVS70,12-NAVS70,,,,D704,GAGATTCC,D511,AACCAGGT,,ts3_E7253A
13-NAVS71,13-NAVS71,,,,D701,ATTACTCG,D512,TTCCGCTT,,ts3_E7253A
14-NAVS72,14-NAVS72,,,,D702,TCCGGAGA,D512,TTCCGCTT,,ts3_E7253A
15-NAVS73,15-NAVS73,,,,D703,CGCTCATT,D512,TTCCGCTT,,ts3_E7253A
16-NAVS74,16-NAVS74,,,,D704,GAGATTCC,D512,TTCCGCTT,,ts3_E7253A
17-NAVS75,17-NAVS75,,,,D701,ATTACTCG,D513,TTGTTCCG,,ts3_E7253A
18-NAVS76,18-NAVS76,,,,D702,TCCGGAGA,D513,TTGTTCCG,,ts3_E7253A
19-NAVS77,19-NAVS77,,,,D703,CGCTCATT,D513,TTGTTCCG,,ts3_E7253A
20-NAVS78,20-NAVS78,,,,D704,GAGATTCC,D513,TTGTTCCG,,ts3_E7253A
21-NAVS79,21-NAVS79,,,,D701,ATTACTCG,D514,AGCTTACC,,ts3_E7253A
22-NAVS80,22-NAVS80,,,,D702,TCCGGAGA,D514,AGCTTACC,,ts3_E7253A
23-NAVS81,23-NAVS81,,,,D703,CGCTCATT,D514,AGCTTACC,,ts3_E7253A
24-NAVS82,24-NAVS82,,,,D704,GAGATTCC,D514,AGCTTACC,,ts3_E7253A
25-NAVS83,25-NAVS83,,,,D701,ATTACTCG,D515,ATGCCACA,,ts3_E7253A
26-NAVS84,26-NAVS84,,,,D702,TCCGGAGA,D515,ATGCCACA,,ts3_E7253A
27-NAVS85,27-NAVS85,,,,D703,CGCTCATT,D515,ATGCCACA,,ts3_E7253A
28-NAVS86,28-NAVS86,,,,D704,GAGATTCC,D515,ATGCCACA,,ts3_E7253A
29-NAVS87,29-NAVS87,,,,D701,ATTACTCG,D516,TCCGTAGT,,ts3_E7253A
30-NAVS88,30-NAVS88,,,,D702,TCCGGAGA,D516,TCCGTAGT,,ts3_E7253A
31-NAVS89,31-NAVS89,,,,D703,CGCTCATT,D516,TCCGTAGT,,ts3_E7253A
32-NAVS90,32-NAVS90,,,,D704,GAGATTCC,D516,TCCGTAGT,,ts3_E7253A
33-NAVS91,33-NAVS91,,,,D705,ATTCAGAA,D509,GCAAGCAA,,ts3_E7253A
34-NAVS92,34-NAVS92,,,,D706,GAATTCGT,D509,GCAAGCAA,,ts3_E7253A
35-NAVS93,35-NAVS93,,,,D707,CTGAAGCT,D509,GCAAGCAA,,ts3_E7253A
36-NAVS94,36-NAVS94,,,,D708,TAATGCGC,D509,GCAAGCAA,,ts3_E7253A
37-NAVS95,37-NAVS95,,,,S6741,ACCGGAGT,S6541,CCTTCCTT,,ts3_E7253A
38-NAVS96,38-NAVS96,,,,S6742,CTTGACGA,S6542,TTGTGTGC,,ts3_E7253A
39-NAVS97,39-NAVS97,,,,S6743,GCCACGAC,S6543,ACCCGAGG,,ts3_E7253A
40-XAWO82,40-XAWO82,,,,S6744,TCTGGAAC,S6544,AGGTGCTA,,ts95_E7253A
41-XAWO83,41-XAWO83,,,,S6745,CACTAGAC,S6545,AGTCCTCA,,ts95_E7253A
42-XAWO84,42-XAWO84,,,,S6746,TTGCGTTA,S6546,TTCGGGAA,,ts95_E7253A
43-XAWO85,43-XAWO85,,,,S6747,CCTATGCA,S6547,ATCGACTC,,ts95_E7253A
44-XAWO86,44-XAWO86,,,,S6748,CAACCGAG,S6548,CACAGGTA,,ts95_E7253A
45-XAWO87,45-XAWO87,,,,S6749,TGTTCGCC,S6549,TCCTACCT,,ts95_E7253A
46-XAWO88,46-XAWO88,,,,S6750,ACAAGGCA,S6550,TTGCGCGA,,ts95_E7253A
47-XAWO89,47-XAWO89,,,,S6751,TCAGCGCC,S6551,AGGAACAT,,ts95_E7253A
48-XAWO90,48-XAWO90,,,,S6752,AGTCACAT,S6552,CCATAATG,,ts95_E7253A
1-XAWO91,1-XAWO91,,,,S6753,CCTTTCAC,S6553,AAACAAGA,,ts95_E7254A
2-XAWO92,2-XAWO92,,,,S6754,CTTTCCCT,S6554,AGTAAGCC,,ts95_E7254A
3-XAWO93,3-XAWO93,,,,S6755,GACAATTC,S6555,CATATCGT,,ts95_E7254A
4-XAWO94,4-XAWO94,,,,S6756,ACACGACT,S6556,CTGCGGAT,,ts95_E7254A
5-XAWO95,5-XAWO95,,,,S6757,CCTGTCAA,S6557,ACAGCCAT,,ts95_E7254A
6-XAWO96,6-XAWO96,,,,S6758,CCATCCGC,S6558,TACGCCTT,,ts95_E7254A
7-XAWO97,7-XAWO97,,,,S6759,GGTGTGAG,S6559,GTGGTGTT,,ts95_E7254A
8-XAWO98,8-XAWO98,,,,S6760,CTTGCATA,S6560,GAAGAGGT,,ts95_E7254A
9-XAWO99,9-XAWO99,,,,S6761,GCCAATCC,S6561,GATCGGAC,,ts95_E7254A
10-XAWP01,10-XAWP01,,,,S6762,ATGCCGGT,S6562,TGGTCCTC,,ts95_E7254A
11-XAWP02,11-XAWP02,,,,S6763,CATACCGT,S6563,TAAGAGCG,,ts95_E7254A
12-XAWP03,12-XAWP03,,,,S6764,ATCAGAGC,S6564,GAGCTCAG,,ts95_E7254A
13-XAWP04,13-XAWP04,,,,S6765,ATGGCTGT,S6565,TTGACAGG,,ts95_E7254A
14-XAWP05,14-XAWP05,,,,S6766,AAGGCGTA,S6566,GCGGATGG,,ts95_E7254A
15-XAWP06,15-XAWP06,,,,S6767,ACGAGGAG,S6567,AGTTTAGG,,ts95_E7254A
16-XAWP07,16-XAWP07,,,,S6768,TAATCTCG,S6568,GTGTGACA,,ts95_E7254A
17-XAWP08,17-XAWP08,,,,S6769,TACGGCAG,S6569,TTCATATC,,ts95_E7254A
18-XAWP09,18-XAWP09,,,,S6770,TGCCCATC,S6570,CCACACTT,,ts95_E7254A
19-XAWP10,19-XAWP10,,,,S6771,CAGCAGTC,S6571,ACGCCAAC,,ts95_E7254A
20-XAWP11,20-XAWP11,,,,S6772,TACCGGCT,S6572,GCCAGCTA,,ts95_E7254A
21-XAWP12,21-XAWP12,,,,S6773,AGGTAGGA,S6573,GGCGAACA,,ts95_E7254A
22-XAWP13,22-XAWP13,,,,S6774,TCGCGCAA,S6574,TGCCTTGT,,ts95_E7254A
23-XAWP14,23-XAWP14,,,,S6775,CTCGAAAT,S6575,CTTACCTG,,ts95_E7254A
24-XAWP15,24-XAWP15,,,,S6776,CTCACAAC,S6576,GTCTCCTT,,ts95_E7254A
25-XAWP16,25-XAWP16,,,,S6781,AAGGAAGG,S6581,ACTCCGGT,,ts95_E7254A
26-AAWM54,26-AAWM54,,,,S6782,GCACACAA,S6582,TCGTCAAG,,ts24_E7254A
27-AAWM55,27-AAWM55,,,,S6783,GTCAGTAT,S6583,AGGCTTCT,,ts24_E7254A
28-AAWM56,28-AAWM56,,,,S6784,ATTCGAGC,S6584,CAACCTAG,,ts24_E7254A
29-AAWM57,29-AAWM57,,,,S6785,CACCTGTA,S6585,CTGACACA,,ts24_E7254A
30-AAWM58,30-AAWM58,,,,S6786,CCGACTCT,S6586,CTGGTTCT,,ts24_E7254A
31-AAWM59,31-AAWM59,,,,S6787,TTGCTGGA,S6587,TGTCCAAT,,ts24_E7254A
32-AAWM60,32-AAWM60,,,,S6788,CAGCTTCG,S6588,CAACGGGT,,ts24_E7254A
33-AAWM61,33-AAWM61,,,,S6789,TCCCACGA,S6589,CTATTGAA,,ts24_E7254A
34-AAWM62,34-AAWM62,,,,S6790,ACCAACAG,S6590,GAGCAAAC,,ts24_E7254A
35-AAWM63,35-AAWM63,,,,S6791,CCTCGGGT,S6591,GTCGTGGC,,ts24_E7254A
36-AAWM64,36-AAWM64,,,,S6792,TAGCACCT,S6592,GTTCCAGA,,ts24_E7254A
37-AAWM65,37-AAWM65,,,,S6793,TGAGGACT,S6593,GTCTAGTG,,ts24_E7254A
38-AAWM66,38-AAWM66,,,,S6794,TTCCCGAA,S6594,TAACGCAA,,ts24_E7254A
39-AAWM67,39-AAWM67,,,,S6795,GAGTCGAT,S6595,TGCATAGG,,ts24_E7254A
40-AAWM68,40-AAWM68,,,,S6796,TACCTGTG,S6596,CTCGGTTG,,ts24_E7254A
41-AAWM69,41-AAWM69,,,,S7701,TGTCGTAG,S7501,TTAGCTTT,,ts24_E7254A
42-AAWM70,42-AAWM70,,,,S7702,CAATCATA,S7502,AATCTCCA,,ts24_E7254A
43-AAWM71,43-AAWM71,,,,S7703,GTTCTTAT,S7503,GTCTAATT,,ts24_E7254A
44-AAWM72,44-AAWM72,,,,S7704,GATGCGAC,S7504,CCCAAAGT,,ts24_E7254A
45-AAWM73,45-AAWM73,,,,S7705,GAAGAGGG,S7505,TCCGTCCG,,ts24_E7254A
46-AAWM74,46-AAWM74,,,,S7706,TAGTAATC,S7506,GGCTCTGC,,ts24_E7254A
47-AAWM75,47-AAWM75,,,,S7707,GTGTGGAG,S7507,GATCATGC,,ts24_E7254A
48-AAWM76,48-AAWM76,,,,S7708,ACGTTGTA,S7508,TAGGTCGA,,ts24_E7254A
1-AAWM77,1-AAWM77,,,,S7709,GCGCTAAT,S7509,GTCAGGGT,,ts24_E7255A
2-AAWM78,2-AAWM78,,,,S7710,AGAGCTGC,S7510,CCTTCAAC,,ts24_E7255A
3-AAWM79,3-AAWM79,,,,S7711,CATACTTA,S7511,TCCCGTGC,,ts24_E7255A
4-AAWM80,4-AAWM80,,,,S7712,TTGCACCG,S7512,TTTATACG,,ts24_E7255A
5-AAWM81,5-AAWM81,,,,S7713,GCGGGATA,S7513,CCGTCTCT,,ts24_E7255A
6-AAWM82,6-AAWM82,,,,S7714,GAAGTGAA,S7514,GACTTGTA,,ts24_E7255A
7-AAWM83,7-AAWM83,,,,S7715,CTGTTTAC,S7515,AAGATTCA,,ts24_E7255A
8-AAWM84,8-AAWM84,,,,S7716,GAGCACTC,S7516,CAAGTTGC,,ts24_E7255A
9-AAWM85,9-AAWM85,,,,S7717,TTGTTGCA,S7517,GACGTCGT,,ts24_E7255A
10-AAWM86,10-AAWM86,,,,S7718,CCACACTT,S7518,CGTCATAC,,ts24_E7255A
11-AAWM87,11-AAWM87,,,,S7719,CCCGTTTG,S7519,TTGCTGTA,,ts24_E7255A
12-AAWM88,12-AAWM88,,,,S7720,ATGCTCCC,S7520,CCCTGCTG,,ts24_E7255A
13-AAWM89,13-AAWM89,,,,S7721,GCTCAATA,S7521,CATTTATC,,ts24_E7255A
14-AAWM90,14-AAWM90,,,,S7722,GTAGTTCG,S7522,CTTGATGC,,ts24_E7255A
15-AAWM91,15-AAWM91,,,,S7723,CGAGAACC,S7523,ATGTATCG,,ts24_E7255A
16-JSAM95,16-JSAM95,,,,S7724,GCCATGTA,S7524,ATAGGGTT,,ts24_E7255A
17-JSAM96,17-JSAM96,,,,S7725,TTTCTCTA,S7525,CTCGACGT,,ts24_E7255A
18-JSAM97,18-JSAM97,,,,S7726,CCAGCGAT,S7526,TCTAGTCA,,ts24_E7255A
19-JSAM98,19-JSAM98,,,,S7727,TGGGAGTG,S7527,CCCGTCTA,,ts24_E7255A
20-SAAQ60,20-SAAQ60,,,,S7728,CCCTCGTA,S7528,TAGAAGAG,,ts24_E7255A
21-SAAQ61,21-SAAQ61,,,,S7729,CGATATGG,S7529,GGGACGTA,,ts24_E7255A
22-SAAQ62,22-SAAQ62,,,,S7730,TTGTGCCC,S7530,TTTCCATC,,ts24_E7255A
23-SAAQ63,23-SAAQ63,,,,S7731,TGTCCTCT,S7531,CGACGAAC,,ts24_E7255A
24-SAAQ64,24-SAAQ64,,,,S7732,GTATAGTC,S7532,TTGGTCTC,,ts24_E7255A
25-SAAQ65,25-SAAQ65,,,,S7733,TTTGGGAT,S7533,GTTCACGT,,ts24_E7255A
26-SAAQ66,26-SAAQ66,,,,S7734,CACCAAGC,S7534,AAAGGGAA,,ts24_E7255A
27-SAAQ67,27-SAAQ67,,,,S7735,CGGAGAGG,S7535,CGAGCGTC,,ts24_E7255A
28-SAAQ68,28-SAAQ68,,,,S7736,TATTTACC,S7536,GACGTGAG,,ts24_E7255A
29-SAAQ69,29-SAAQ69,,,,S7737,TATATGGA,S7537,CTTGGCAG,,ts24_E7255A
30-SAAQ70,30-SAAQ70,,,,S7738,GTTAACAT,S7538,TGCGGCGT,,ts24_E7255A
31-SAAQ71,31-SAAQ71,,,,S7739,CGTCTTGG,S7539,GACTGGCG,,ts24_E7255A
32-SAAQ73,32-SAAQ73,,,,S7740,CGTAGCGA,S7540,TTGTTTAG,,ts24_E7255A
33-SAAQ74,33-SAAQ74,,,,S7741,TAGTCACA,S7541,GAGGTATA,,ts24_E7255A
34-SAAQ75,34-SAAQ75,,,,S7742,AGAAGTGG,S7542,ATCAAGAG,,ts24_E7255A
1-JNMF30,1-JNMF30,,,,S5789,CGGCATTA,S5589,TGACTGAC,,ts3_H0003A
2-JNMF31,2-JNMF31,,,,S5790,CACGCAAT,S5590,ATGGAAGG,,ts3_H0003A
3-JNMF32,3-JNMF32,,,,S5791,GGAATGTC,S5591,GTGTTCCT,,ts3_H0003A
4-JNMF33,4-JNMF33,,,,S5792,TGGTGAAG,S5592,GCTGTAAG,,ts3_H0003A
5-JNMF34,5-JNMF34,,,,S5793,GGACATCA,S5593,TGCAGGTA,,ts3_H0003A
6-JNMF35,6-JNMF35,,,,S5794,GGTGTACA,S5594,TAGCGTCT,,ts3_H0003A
7-JNMF36,7-JNMF36,,,,S5795,GATAGCCA,S5595,CTGTGTTG,,ts3_H0003A
8-JNMF37,8-JNMF37,,,,S5796,CCACAACA,S5596,TGTGGTAC,,ts3_H0003A
9-JNMF38,9-JNMF38,,,,S7745,TACCGCTC,S7545,CGTCACTG,,ts3_H0003A
10-JXOB06,10-JXOB06,,,,S7746,CGAACCAC,S7546,TCAATCTT,,ts95_H0003A
11-JXOB07,11-JXOB07,,,,S7747,TATTGTTC,S7547,AAACACAC,,ts95_H0003A
12-JXOB08,12-JXOB08,,,,S7748,GTTGTGTG,S7548,GTCGGACG,,ts95_H0003A
13-JXOB09,13-JXOB09,,,,S7757,ACCCTGAC,S7557,ATTAGCGC,,ts95_H0003A
14-JXOB10,14-JXOB10,,,,S7758,GTTGAAGG,S7558,GCAGCTCT,,ts95_H0003A
15-JXOB11,15-JXOB11,,,,S7759,GCACGGGA,S7559,TAAGTATG,,ts95_H0003A
16-JAKQ11,16-JAKQ11,,,,S7760,CGTATAAA,S7560,CGGTGCAA,,ts24_H0003A
17-JAKQ12,17-JAKQ12,,,,S7761,AGAGACGG,S7561,TATCCCGC,,ts24_H0003A
18-JAKQ13,18-JAKQ13,,,,S7762,TACAAGTC,S7562,TTCACTTC,,ts24_H0003A
19-JAKQ14,19-JAKQ14,,,,S7763,TGAATCTT,S7563,GTAAACAG,,ts24_H0003A
20-JAKQ15,20-JAKQ15,,,,S7764,GCAACTTG,S7564,GAGTGCTC,,ts24_H0003A
21-JAKQ16,21-JAKQ16,,,,S7765,ACGACGTC,S7565,TGCAACAA,,ts24_H0003A
22-JAKQ17,22-JAKQ17,,,,S7766,GTATGACG,S7566,AAGTGTGG,,ts24_H0003A
23-JAKQ18,23-JAKQ18,,,,S7767,TACAGCAA,S7567,CAAACGGG,,ts24_H0003A
24-JAKQ19,24-JAKQ19,,,,S7768,CAGCAGGG,S7568,GGGAGCAT,,ts24_H0003A
1-AAWK09,1-AAWK09,,,,S7751,AATTAGAC,S7551,ATAAGAAC,,CARRIER_CR4492a
2-AAWK10,2-AAWK10,,,,S7752,ACTTTGGG,S7552,GTCGCATC,,CARRIER_CR4492a
3-AAWK11,3-AAWK11,,,,S7753,CGGACGGA,S7553,CCCTCTTC,,CARRIER_CR4492a
4-AAWK12,4-AAWK12,,,,S7754,GCAGAGCC,S7554,GATTACTA,,CARRIER_CR4492a
5-AAWK13,5-AAWK13,,,,S7755,GCATGATC,S7555,CTCCACAC,,CARRIER_CR4492a
6-AAWK14,6-AAWK14,,,,S7756,TCGACCTA,S7556,TACAACGT,,CARRIER_CR4492a
7-JXOA84,7-JXOA84,,,,S97001,CTGATCGT,S95001,GCGCATAT,,CARRIER_CR4492a
8-JXOA85,8-JXOA85,,,,S97002,ACTCTCGA,S95002,CTGTACCA,,CARRIER_CR4492a
9-JXOA86,9-JXOA86,,,,S97003,TGAGCTAG,S95003,GAACGGTT,,CARRIER_CR4492a
10-JXOA87,10-JXOA87,,,,S97004,GAGACGAT,S95004,ACCGGTTA,,CARRIER_CR4492a
11-JXOA88,11-JXOA88,,,,S97005,CTTGTCGA,S95005,CGATGTTC,,CARRIER_CR4492a
12-JXOA89,12-JXOA89,,,,S97006,TTCCAAGG,S95006,CTACAAGG,,CARRIER_CR4492a
13-JXOA90,13-JXOA90,,,,S97007,CGCATGAT,S95007,AAGCCTGA,,CARRIER_CR4492a
14-JXOA91,14-JXOA91,,,,S97008,ACGGAACA,S95008,ACGAGAAC,,CARRIER_CR4492a
15-JXOA92,15-JXOA92,,,,S97009,CGGCTAAT,S95009,CTCGTTCT,,CARRIER_CR4492a
16-JXOA93,16-JXOA93,,,,S97010,ATCGATCG,S95010,TGGAAGCA,,CARRIER_CR4492a
17-JXOA94,17-JXOA94,,,,S97011,GCAAGATC,S95011,AGTCGAAG,,CARRIER_CR4492a
18-JXOA95,18-JXOA95,,,,S97012,GCTATCCT,S95012,AACAGGTG,,CARRIER_CR4492a
19-JXOA96,19-JXOA96,,,,S97013,TACGCTAC,S95013,CGTGTGAT,,CARRIER_CR4492a
20-JXOA97,20-JXOA97,,,,S97014,TGGACTCT,S95014,TCTTACGG,,CARRIER_CR4492a
21-JXOA98,21-JXOA98,,,,S97015,AGAGTAGC,S95015,AAGGCGTA,,CARRIER_CR4492a
22-JXOA99,22-JXOA99,,,,S97016,ATCCAGAG,S95016,TAACGTCG,,CARRIER_CR4492a
23-JXOB02,23-JXOB02,,,,S97017,GACGATCT,S95017,TCGTGCAT,,CARRIER_CR4492a
24-JXOB03,24-JXOB03,,,,S97018,AACTGAGC,S95018,CAATCAGG,,CARRIER_CR4492a
25-JXOB04,25-JXOB04,,,,S97019,CTTAGGAC,S95019,ACTCCTAC,,CARRIER_CR4492a
26-JAKP55,26-JAKP55,,,,S97020,GTGCCATA,S95020,CTCCTAGT,,CARRIER_CR4492a
27-JAKP56,27-JAKP56,,,,S97021,GAATCCGA,S95021,AGCTAGTG,,CARRIER_CR4492a
28-JAKP57,28-JAKP57,,,,S97022,TCGCTGTT,S95022,CAAGTCGT,,CARRIER_CR4492a
29-JAKP58,29-JAKP58,,,,S97023,TTCGTTGG,S95023,TACACACG,,CARRIER_CR4492a
30-JAKP59,30-JAKP59,,,,S97024,AAGCACTG,S95024,AGGTCAAC,,CARRIER_CR4492a
31-JAKP60,31-JAKP60,,,,S97025,CCTTGATC,S95025,GATGGAGT,,CARRIER_CR4492a
32-JAKP61,32-JAKP61,,,,S97026,GTCGAAGA,S95026,CCACATTG,,CARRIER_CR4492a
33-JAKP62,33-JAKP62,,,,S97027,ACCACGAT,S95027,GTCTGCAA,,CARRIER_CR4492a
34-JAKP63,34-JAKP63,,,,S97028,GATTACCG,S95028,TTGGACTG,,CARRIER_CR4492a
35-JAKP64,35-JAKP64,,,,S97029,GCACAACT,S95029,CTGAACGT,,CARRIER_CR4492b
36-JAKP65,36-JAKP65,,,,S97030,GCGTCATT,S95030,CAGACGTT,,CARRIER_CR4492b
37-JAKP66,37-JAKP66,,,,S97031,ATCCGGTA,S95031,GACCGATA,,CARRIER_CR4492b
38-JAKP67,38-JAKP67,,,,S97032,CGTTGCAA,S95032,ATAGAGCG,,CARRIER_CR4492b
39-JAKP68,39-JAKP68,,,,S97033,GTGAAGTG,S95033,GAGCAATC,,CARRIER_CR4492b
40-JAKP69,40-JAKP69,,,,S97034,CATGGCTA,S95034,CACACATC,,CARRIER_CR4492b
41-JAKP70,41-JAKP70,,,,S97035,ATGCCTGT,S95035,AGATTGCG,,CARRIER_CR4492b
42-JAKP71,42-JAKP71,,,,S97036,CAACACCT,S95036,AGCTACCA,,CARRIER_CR4492b
43-JAKP72,43-JAKP72,,,,S97037,TGTGACTG,S95037,AGCCTATC,,CARRIER_CR4492b
44-JAKP73,44-JAKP73,,,,S97038,GTCATCGA,S95038,GATCCACT,,CARRIER_CR4492b
45-JAKP74,45-JAKP74,,,,S97039,AGCACTTC,S95039,ACGTCCAA,,CARRIER_CR4492b
46-JAKP75,46-JAKP75,,,,S97040,GAAGGAAG,S95040,GACGTCAT,,CARRIER_CR4492b
47-JAKP76,47-JAKP76,,,,S97041,GTTGTTCG,S95041,CCAACTTC,,CARRIER_CR4492b
48-JAKP77,48-JAKP77,,,,S97042,CGGTTGTT,S95042,GTGGTATG,,CARRIER_CR4492b
49-JAKP78,49-JAKP78,,,,S97043,ACTGAGGT,S95043,GTCAACAG,,CARRIER_CR4492b
50-JAKP79,50-JAKP79,,,,S97044,TGAAGACG,S95044,ACATGCCA,,CARRIER_CR4492b
51-JAKP80,51-JAKP80,,,,S97045,GTTACGCA,S95045,ATGGCGAT,,CARRIER_CR4492b
52-JAKP81,52-JAKP81,,,,S97046,AGCGTGTT,S95046,CTTCGCAA,,CARRIER_CR4492b
53-JAKP82,53-JAKP82,,,,S97047,GATCGAGT,S95047,GACGAACT,,CARRIER_CR4492b
54-JAKP83,54-JAKP83,,,,S97048,ACAGCTCA,S95048,TACTGCTC,,CARRIER_CR4492b
55-JAKP84,55-JAKP84,,,,S97049,GAGCAGTA,S95049,TGAGCTGT,,CARRIER_CR4492b
56-JAKP85,56-JAKP85,,,,S97050,AGTTCGTC,S95050,ACTCGATC,,CARRIER_CR4492b
57-JAKP86,57-JAKP86,,,,S97051,TTGCGAAG,S95051,AACACGCT,,CARRIER_CR4492b
58-JAKP87,58-JAKP87,,,,S97052,ATCGCCAT,S95052,TGCGTAAC,,CARRIER_CR4492b
59-JAKP88,59-JAKP88,,,,S97053,TGGCATGT,S95053,CGTCTTCA,,CARRIER_CR4492b
60-JAKP89,60-JAKP89,,,,S97054,CTGTTGAC,S95054,ACCTCAGT,,CARRIER_CR4492b
61-JAKP90,61-JAKP90,,,,S97055,CATACCAC,S95055,AACAACCG,,CARRIER_CR4492b
62-JAKP91,62-JAKP91,,,,S97056,GAAGTTGG,S95056,CGAACAAC,,CARRIER_CR4492b
63-JAKP92,63-JAKP92,,,,S97057,ATGACGTC,S95057,CTTCCTTC,,CARRIER_CR4492b
64-JAKP93,64-JAKP93,,,,S97058,TTGGACGT,S95058,GAAGTGCT,,CARRIER_CR4492b
65-JAKP94,65-JAKP94,,,,S97059,AGTGGATC,S95059,TCGATGAC,,CARRIER_CR4492b
66-JAKP95,66-JAKP95,,,,S97060,GATAGGCT,S95060,CAGTCACA,,CARRIER_CR4492b
67-JAKP96,67-JAKP96,,,,S97061,TGGTAGCT,S95061,AGGTGTTG,,CARRIER_CR4492b
68-JAKP97,68-JAKP97,,,,S97062,CGCAATCT,S95062,ACAGGCAT,,CARRIER_CR4492b
1-JXNY26,1-JXNY26,,,,S7795,GTGTGTTT,S7595,GAACAATA,,CARRIER_CR4498a
2-JXNY27,2-JXNY27,,,,S7796,CGTCCGAC,S7596,CACACAAC,,CARRIER_CR4498a
3-XAWL22,3-XAWL22,,,,S97073,GTTGACCT,S95073,CAGTGCTT,,CARRIER_CR4498a
4-JXOA67,4-JXOA67,,,,S97121,GAGCTTGT,S95121,CCTCGAAT,,CARRIER_CR4498a
5-JXOA68,5-JXOA68,,,,S97122,GAAGGTTC,S95122,CCAGTATC,,CARRIER_CR4498a
6-JXNZ21,6-JXNZ21,,,,S97125,GTGTCTGA,S95125,ATAGTCGG,,CARRIER_CR4498a
7-JXNZ22,7-JXNZ22,,,,S97126,TGACTTCG,S95126,CTTAGGAC,,CARRIER_CR4498a
8-JXNZ23,8-JXNZ23,,,,S97127,TGGATCAC,S95127,GCATTGGT,,CARRIER_CR4498a
9-JXNZ24,9-JXNZ24,,,,S97128,ACACCAGT,S95128,AGTGCATC,,CARRIER_CR4498a
10-JXNZ25,10-JXNZ25,,,,S97129,CAGGTTAG,S95129,AATCCAGC,,CARRIER_CR4498a
11-JXNZ26,11-JXNZ26,,,,S97130,AGTTGGCT,S95130,GCAACCAT,,CARRIER_CR4498a
12-JXNZ27,12-JXNZ27,,,,S97131,TCAACTGG,S95131,CGATTCTG,,CARRIER_CR4498a
13-JXNZ28,13-JXNZ28,,,,S97132,CTGCACTT,S95132,AAGCGTTC,,CARRIER_CR4498a
14-JXNZ29,14-JXNZ29,,,,S97133,ACACGGTT,S95133,TGGTTCGA,,CARRIER_CR4498a
15-JXNZ30,15-JXNZ30,,,,S97134,AATACGCG,S95134,TGCGATAG,,CARRIER_CR4498a
16-JXNZ31,16-JXNZ31,,,,S97135,TGCGAACT,S95135,CAACCGTA,,CARRIER_CR4498a
17-JXNZ32,17-JXNZ32,,,,S97136,GCTGACTA,S95136,GACATCTC,,CARRIER_CR4498a
18-JXNZ33,18-JXNZ33,,,,S97137,GTGGTGTT,S95137,GCTGTAAG,,CARRIER_CR4498a
19-JXNZ34,19-JXNZ34,,,,S97138,GTGCTTAC,S95138,TTCCTCCT,,CARRIER_CR4498a
20-JXNZ35,20-JXNZ35,,,,S97139,TCAAGGAC,S95139,CATTCGTC,,CARRIER_CR4498a
21-JXNZ48,21-JXNZ48,,,,S97140,TGAACCTG,S95140,ACCTCTTC,,CARRIER_CR4498a
22-JXNZ49,22-JXNZ49,,,,S97141,AGTGTTGG,S95141,CATTGACG,,CARRIER_CR4498a
23-JXNZ50,23-JXNZ50,,,,S97142,GTACTCTC,S95142,TCCTGGTA,,CARRIER_CR4498a
24-JXNZ51,24-JXNZ51,,,,S97143,CCGTATCT,S95143,TTCGTACG,,CARRIER_CR4498a
25-JXNZ52,25-JXNZ52,,,,S97144,CGAAGAAC,S95144,CCTAAGTC,,CARRIER_CR4498a
26-JXNZ53,26-JXNZ53,,,,S97145,AGCGGAAT,S95145,ACTGCACT,,CARRIER_CR4498a
27-JXNZ54,27-JXNZ54,,,,S97146,GTGAGCTT,S95146,CGGATCAA,,CARRIER_CR4498a
28-JXNZ55,28-JXNZ55,,,,S97147,CGTGATCA,S95147,GAATGGCA,,CARRIER_CR4498a
29-JXNZ56,29-JXNZ56,,,,S97148,TCGCATTG,S95148,ACAGCAAG,,CARRIER_CR4498a
30-JXNZ57,30-JXNZ57,,,,S97149,TGACGCAT,S95149,TCAGTAGG,,CARRIER_CR4498a
31-JAKM92,31-JAKM92,,,,S97105,CTACTTGG,S95105,TACTCCAG,,CARRIER_CR4498a
32-JAKN13,32-JAKN13,,,,S97107,TCCTACCT,S95107,ACTCTCCA,,CARRIER_CR4498a
33-JAKN22,33-JAKN22,,,,S97108,ATGGCGAA,S95108,CTCTATCG,,CARRIER_CR4498a
34-JXNZ58,34-JXNZ58,,,,S97150,CCGATGTA,S95150,CAACTTGG,,CARRIER_CR4498b
35-JXNZ59,35-JXNZ59,,,,S97151,TTCGCAGT,S95151,TCCGATCA,,CARRIER_CR4498b
36-JXNZ60,36-JXNZ60,,,,S97152,ACGACAGA,S95152,CGCAACTA,,CARRIER_CR4498b
37-JXNZ61,37-JXNZ61,,,,S97153,AGCTTGAG,S95153,GATCAGAC,,CARRIER_CR4498b
38-JXNZ62,38-JXNZ62,,,,S97154,GAGTGGTT,S95154,GCATAACG,,CARRIER_CR4498b
39-JXNZ63,39-JXNZ63,,,,S97155,GCTGTAAG,S95155,TACAGAGC,,CARRIER_CR4498b
40-JXNZ64,40-JXNZ64,,,,S97156,CCAAGACT,S95156,CTCGGTAA,,CARRIER_CR4498b
41-JXNZ65,41-JXNZ65,,,,S97157,ATTGCGTG,S95157,GTTATGGC,,CARRIER_CR4498b
42-JXNZ66,42-JXNZ66,,,,S97158,CTGAAGCT,S95158,ACTCTGAG,,CARRIER_CR4498b
43-JXNZ67,43-JXNZ67,,,,S97159,TAACGAGG,S95159,TAGTCTCG,,CARRIER_CR4498b
44-JXNZ68,44-JXNZ68,,,,S97160,TCGTCTCA,S95160,AACGCACA,,CARRIER_CR4498b
45-JXNZ69,45-JXNZ69,,,,S97161,TTCCTGTG,S95161,CTCCTGAA,,CARRIER_CR4498b
46-JXNZ70,46-JXNZ70,,,,S97162,CGTTGAGT,S95162,GCATAGTC,,CARRIER_CR4498b
47-JXNZ71,47-JXNZ71,,,,S97163,AGTCGCTT,S95163,TCGAACCT,,CARRIER_CR4498b
48-JXNZ72,48-JXNZ72,,,,S97164,TAGGTAGG,S95164,CACAGACT,,CARRIER_CR4498b
49-JXNZ73,49-JXNZ73,,,,S97165,CAGGAGAT,S95165,CCTTAGGT,,CARRIER_CR4498b
50-JXNZ74,50-JXNZ74,,,,S97166,CATCGTGA,S95166,TACCTGCA,,CARRIER_CR4498b
51-XAWK78,51-XAWK78,,,,S97167,TGTTGTGG,S95167,GTGTCCTT,,CARRIER_CR4498b
52-XAWK79,52-XAWK79,,,,S97169,GTCCTTCT,S95169,TGTGTCAG,,CARRIER_CR4498b
53-XAWK80,53-XAWK80,,,,S97170,TGATACGC,S95170,CAACGAGT,,CARRIER_CR4498b
54-XAWK81,54-XAWK81,,,,S97171,CTGTGTTG,S95171,TAGGAGCT,,CARRIER_CR4498b
55-XAWK82,55-XAWK82,,,,S97172,AACGTGGA,S95172,CCGATGTA,,CARRIER_CR4498b
56-XAWK83,56-XAWK83,,,,S97173,GTTGCGAT,S95173,GACTTGTG,,CARRIER_CR4498b
57-XAWK84,57-XAWK84,,,,S97174,AACGACGT,S95174,TCAATCCG,,CARRIER_CR4498b
58-XAWK85,58-XAWK85,,,,S97175,CGTATTCG,S95175,TGTCGACT,,CARRIER_CR4498b
59-XAWK86,59-XAWK86,,,,S97176,AGCAAGCA,S95176,AAGGAGAC,,CARRIER_CR4498b
60-XAWK87,60-XAWK87,,,,S97177,TGTTCGAG,S95177,CGTATCTC,,CARRIER_CR4498b
61-XAWK88,61-XAWK88,,,,S97178,CTCCATGT,S95178,ACACCGAT,,CARRIER_CR4498b
62-XAWL04,62-XAWL04,,,,S97179,CGTCTTGT,S95179,TTGCGAGA,,CARRIER_CR4498b
63-XAWL05,63-XAWL05,,,,S97180,ATAAGGCG,S95180,GCGTTAGA,,CARRIER_CR4498b
64-XAWL06,64-XAWL06,,,,S97181,TGTCTGCT,S95181,GTCGATTG,,CARRIER_CR4498b
65-XAWL07,65-XAWL07,,,,S97182,CGCTTAAC,S95182,AAGTCCTC,,CARRIER_CR4498b
66-XAWL08,66-XAWL08,,,,S97183,GATCCATG,S95183,CAACTCCA,,CARRIER_CR4498b
1-XAWL09,1-XAWL09,,,,S97184,ACCTCTGT,S95184,ATGCCTAG,,CARRIER_CR4499a
2-XAWL10,2-XAWL10,,,,S97185,GCCACTTA,S95185,GAGTAGAG,,CARRIER_CR4499a
3-XAWL11,3-XAWL11,,,,S97186,ACCTGACT,S95186,ACGCTTCT,,CARRIER_CR4499a
4-XAWL12,4-XAWL12,,,,S97187,GTTAAGGC,S95187,ACCTTCGA,,CARRIER_CR4499a
5-XAWL13,5-XAWL13,,,,S97188,ATGCCAAC,S95188,TTACCGAC,,CARRIER_CR4499a
6-XAWL14,6-XAWL14,,,,S97189,AGAGGTTG,S95189,GTCATCGT,,CARRIER_CR4499a
7-XAWL15,7-XAWL15,,,,S97190,ACCATCCA,S95190,CATACGGA,,CARRIER_CR4499a
8-XAWL16,8-XAWL16,,,,S97191,GTGGATAG,S95191,TCACCTAG,,CARRIER_CR4499a
9-XAWL17,9-XAWL17,,,,S97192,CTGAGATC,S95192,AGGCAATG,,CARRIER_CR4499a
10-XAWL18,10-XAWL18,,,,S97289,CATTGCCT,S95289,GATCTCAG,,CARRIER_CR4499a
11-XAWL19,11-XAWL19,,,,S97290,CTAGGTGA,S95290,CTATCCAC,,CARRIER_CR4499a
12-XAWL20,12-XAWL20,,,,S97291,TCCGTATG,S95291,TGGATGGT,,CARRIER_CR4499a
13-XAWL41,13-XAWL41,,,,S97292,ACGATGAC,S95292,CAACCTCT,,CARRIER_CR4499a
14-XAWL42,14-XAWL42,,,,S97293,GTCGGTAA,S95293,GTTGGCAT,,CARRIER_CR4499a
15-XAWL43,15-XAWL43,,,,S97294,TCGAAGGT,S95294,GCCTTAAC,,CARRIER_CR4499a
16-XAWL44,16-XAWL44,,,,S97295,AGAAGCGT,S95295,AGTCAGGT,,CARRIER_CR4499a
17-XAWL45,17-XAWL45,,,,S97296,CTCTACTC,S95296,TAAGTGGC,,CARRIER_CR4499a
18-XAWL46,18-XAWL46,,,,S97297,CTAGGCAT,S95297,ACAGAGGT,,CARRIER_CR4499a
19-XAWL47,19-XAWL47,,,,S97298,TGGAGTTG,S95298,CATGGATC,,CARRIER_CR4499a
20-XAWL48,20-XAWL48,,,,S97299,GAGGACTT,S95299,GTTAAGCG,,CARRIER_CR4499a
21-XAWL49,21-XAWL49,,,,S97300,CAATCGAC,S95300,AGCAGACA,,CARRIER_CR4499a
22-XAWL50,22-XAWL50,,,,S97301,TCTAACGC,S95301,CGCCTTAT,,CARRIER_CR4499a
23-JSAM81,23-JSAM81,,,,S97302,TCTCGCAA,S95302,ACAAGACG,,CARRIER_CR4499a
24-JSAM82,24-JSAM82,,,,S97303,ATCGGTGT,S95303,ACATGGAG,,CARRIER_CR4499a
25-JSAM83,25-JSAM83,,,,S97304,GAGATACG,S95304,CTCGAACA,,CARRIER_CR4499a
26-JSAM84,26-JSAM84,,,,S97305,GTCTCCTT,S95305,TGCTTGCT,,CARRIER_CR4499a
27-JSAM85,27-JSAM85,,,,S97306,AGTCGACA,S95306,CGAATACG,,CARRIER_CR4499a
28-JSAM86,28-JSAM86,,,,S97307,CGGATTGA,S95307,ACGTCGTT,,CARRIER_CR4499a
29-JSAM87,29-JSAM87,,,,S97308,CACAAGTC,S95308,ATCGCAAC,,CARRIER_CR4499a
30-JSAM88,30-JSAM88,,,,S97309,TACATCGG,S95309,TCCACGTT,,CARRIER_CR4499a
31-JSAM89,31-JSAM89,,,,S97310,AGCTCCTA,S95310,CAACACAG,,CARRIER_CR4499a
32-JSAM90,32-JSAM90,,,,S97311,ACTCGTTG,S95311,GCGTATCA,,CARRIER_CR4499a
33-JSAM91,33-JSAM91,,,,S97312,CTGACACA,S95312,AGAAGGAC,,CARRIER_CR4499a
34-XAWL51,34-XAWL51,,,,S97314,AAGGACAC,S95314,CCACAACA,,CARRIER_CR4499b
35-XAWL52,35-XAWL52,,,,S97315,TGCAGGTA,S95315,TCACGATG,,CARRIER_CR4499b
36-XAWL53,36-XAWL53,,,,S97316,ACCTAAGG,S95316,ATCTCCTG,,CARRIER_CR4499b
37-XAWL54,37-XAWL54,,,,S97317,AGTCTGTG,S95317,CCTACCTA,,CARRIER_CR4499b
38-XAWL55,38-XAWL55,,,,S97318,AGGTTCGA,S95318,AAGCGACT,,CARRIER_CR4499b
39-XAWL56,39-XAWL56,,,,S97319,GACTATGC,S95319,ACTCAACG,,CARRIER_CR4499b
40-XAWL58,40-XAWL58,,,,S97320,TTCAGGAG,S95320,CACAGGAA,,CARRIER_CR4499b
41-JXNY28,41-JXNY28,,,,S97321,TGTGCGTT,S95321,TGAGACGA,,CARRIER_CR4499b
42-JXNY29,42-JXNY29,,,,S97322,CGAGACTA,S95322,CCTCGTTA,,CARRIER_CR4499b
43-JXNY30,43-JXNY30,,,,S97323,CTCAGAGT,S95323,AGCTTCAG,,CARRIER_CR4499b
44-JXNY31,44-JXNY31,,,,S97324,GCCATAAC,S95324,CACGCAAT,,CARRIER_CR4499b
45-JXNY32,45-JXNY32,,,,S97325,TTACCGAG,S95325,AGTCTTGG,,CARRIER_CR4499b
46-JXNY33,46-JXNY33,,,,S97326,GCTCTGTA,S95326,CTTACAGC,,CARRIER_CR4499b
47-JXNY34,47-JXNY34,,,,S97327,CGTTATGC,S95327,AACCACTC,,CARRIER_CR4499b
48-JXNY35,48-JXNY35,,,,S97328,GTCTGATC,S95328,CTCAAGCT,,CARRIER_CR4499b
49-JXNY36,49-JXNY36,,,,S97329,TAGTTGCG,S95329,TCTGTCGT,,CARRIER_CR4499b
50-JXNY37,50-JXNY37,,,,S97330,TGATCGGA,S95330,ACTGCGAA,,CARRIER_CR4499b
51-JXNY38,51-JXNY38,,,,S97331,CCAAGTTG,S95331,TACATCGG,,CARRIER_CR4499b
52-JXNY39,52-JXNY39,,,,S97332,CCTACTGA,S95332,ATGCGTCA,,CARRIER_CR4499b
53-JXNY40,53-JXNY40,,,,S97333,CTTGCTGT,S95333,CAATGCGA,,CARRIER_CR4499b
54-JXNY41,54-JXNY41,,,,S97334,TGCCATTC,S95334,TGATCACG,,CARRIER_CR4499b
55-JXNY42,55-JXNY42,,,,S97335,TTGATCCG,S95335,AAGCTCAC,,CARRIER_CR4499b
56-JXNY43,56-JXNY43,,,,S97336,AGTGCAGT,S95336,ATTCCGCT,,CARRIER_CR4499b
57-JXNY44,57-JXNY44,,,,S97337,GACTTAGG,S95337,GTTCTTCG,,CARRIER_CR4499b
58-JXNY45,58-JXNY45,,,,S97338,CGTACGAA,S95338,AGATACGG,,CARRIER_CR4499b
59-JXNY46,59-JXNY46,,,,S97339,TACCAGGA,S95339,GAGAGTAC,,CARRIER_CR4499b
60-JXNY47,60-JXNY47,,,,S97340,CGTCAATG,S95340,CCAACACT,,CARRIER_CR4499b
61-JXOA11,61-JXOA11,,,,S97341,GAAGAGGT,S95341,CAGGTTCA,,CARRIER_CR4499b
62-JXOA12,62-JXOA12,,,,S97342,GACGAATG,S95342,GTCCTTGA,,CARRIER_CR4499b
63-JXOA13,63-JXOA13,,,,S97343,AGGAGGAA,S95343,GTAAGCAC,,CARRIER_CR4499b
64-JXOA14,64-JXOA14,,,,S97344,CTTACAGC,S95344,AACACCAC,,CARRIER_CR4499b
65-JXOA15,65-JXOA15,,,,S97345,GAGATGTC,S95345,TAGTCAGC,,CARRIER_CR4499b
66-JXOA16,66-JXOA16,,,,S97346,TACGGTTG,S95346,AGTTCGCA,,CARRIER_CR4499b
1-JXOA17,1-JXOA17,,,,S97347,CTATCGCA,S95347,CGCGTATT,,CARRIER_CR4500
2-JXOA18,2-JXOA18,,,,S97348,TCGAACCA,S95348,AACCGTGT,,CARRIER_CR4500
3-JXOA19,3-JXOA19,,,,S97349,GAACGCTT,S95349,AAGTGCAG,,CARRIER_CR4500
4-JXOA20,4-JXOA20,,,,S97350,CAGAATCG,S95350,CCAGTTGA,,CARRIER_CR4500
5-JXOA21,5-JXOA21,,,,S97351,ATGGTTGC,S95351,AGCCAACT,,CARRIER_CR4500
6-JXOA22,6-JXOA22,,,,S97352,GCTGGATT,S95352,CTAACCTG,,CARRIER_CR4500
7-JXOA23,7-JXOA23,,,,S97353,GATGCACT,S95353,ACTGGTGT,,CARRIER_CR4500
8-JAKP48,8-JAKP48,,,,S97354,ACCAATGC,S95354,GTGATCCA,,CARRIER_CR4500
9-JAKP49,9-JAKP49,,,,S97355,GTCCTAAG,S95355,CGAAGTCA,,CARRIER_CR4500
10-JAKP50,10-JAKP50,,,,S97356,CCGACTAT,S95356,TCAGACAC,,CARRIER_CR4500
11-JAKP51,11-JAKP51,,,,S97357,TTGGTCTC,S95357,CCGTAACT,,CARRIER_CR4500
12-JAKP53,12-JAKP53,,,,S97359,GATACTGG,S95359,GAACCTTC,,CARRIER_CR4500
13-JAKP54,13-JAKP54,,,,S97360,ATTCGAGG,S95360,ACAAGCTC,,CARRIER_CR4500
14-XAWL59,14-XAWL59,,,,S97361,GTCAGTTG,S95361,CGATTGGA,,CARRIER_CR4500
15-XAWL60,15-XAWL60,,,,S97362,GTAGAGCA,S95362,TATGACCG,,CARRIER_CR4500
16-XAWL61,16-XAWL61,,,,S97363,ACGTGATG,S95363,GATAGCCA,,CARRIER_CR4500
17-XAWL62,17-XAWL62,,,,S97364,TAAGTGGC,S95364,ATCCGTTG,,CARRIER_CR4500
18-XAWL63,18-XAWL63,,,,S97365,TGTGAAGC,S95365,TCTAGGAG,,CARRIER_CR4500
19-XAWL64,19-XAWL64,,,,S97366,CATTCGGT,S95366,AATTCCGG,,CARRIER_CR4500
20-XAWL65,20-XAWL65,,,,S97367,TTGGTGAG,S95367,CACGTCTA,,CARRIER_CR4500
21-XAWL66,21-XAWL66,,,,S97368,CAGTTCTG,S95368,GTCAGTCA,,CARRIER_CR4500
22-XAWL67,22-XAWL67,,,,S97369,AGGCTTCT,S95369,GAGCTCTA,,CARRIER_CR4500
23-XAWL68,23-XAWL68,,,,S97370,GAATCGTG,S95370,TTCACGGA,,CARRIER_CR4500
24-XAWL88,24-XAWL88,,,,S97371,ACCAGCTT,S95371,GTATCGAG,,CARRIER_CR4500
25-XAWL89,25-XAWL89,,,,S97372,CTCATTGC,S95372,CAGGTAAG,,CARRIER_CR4500
26-XAWL90,26-XAWL90,,,,S97377,AATGCCTC,S95377,TGCTGTGA,,CARRIER_CR4500
27-XAWL91,27-XAWL91,,,,S97378,TGAGGTGT,S95378,ACAACGTG,,CARRIER_CR4500
28-XAWL92,28-XAWL92,,,,S97379,ACATTGCG,S95379,CTCGACTT,,CARRIER_CR4500
29-XAWL93,29-XAWL93,,,,S97380,TCTCTAGG,S95380,ACGGTACA,,CARRIER_CR4500
30-XAWL94,30-XAWL94,,,,S97381,CGCTAGTA,S95381,CTGATGAG,,CARRIER_CR4500
31-XAWL95,31-XAWL95,,,,S97382,AATGGACG,S95382,GTGAGACT,,CARRIER_CR4500
32-XAWL96,32-XAWL96,,,,S97383,GATAGCGA,S95383,CATCCAAG,,CARRIER_CR4500
33-XAWL97,33-XAWL97,,,,S97384,CGACCATT,S95384,TGATAGGC,,CARRIER_CR4500
1-SAAQ41,1-SAAQ41,,,,A012,CTTGTAAT,A500,NNNNNNNN,,SINGLEGENE
2-SAAQ42,2-SAAQ42,,,,A013,AGTCAACA,A500,NNNNNNNN,,SINGLEGENE
3-SAAQ43,3-SAAQ43,,,,A014,AGTTCCGT,A500,NNNNNNNN,,SINGLEGENE
4-SAAQ44,4-SAAQ44,,,,A015,ATGTCAGA,A500,NNNNNNNN,,SINGLEGENE
5-SAAQ45,5-SAAQ45,,,,A016,CCGTCCCG,A500,NNNNNNNN,,SINGLEGENE
6-SAAQ46,6-SAAQ46,,,,A018,GTCCGCAC,A500,NNNNNNNN,,SINGLEGENE
7-SAAQ47,7-SAAQ47,,,,A019,GTGAAACG,A500,NNNNNNNN,,SINGLEGENE
8-SAAQ48,8-SAAQ48,,,,A001,ATCACGAT,A500,NNNNNNNN,,SINGLEGENE
9-SAAQ49,9-SAAQ49,,,,A003,TTAGGCAT,A500,NNNNNNNN,,SINGLEGENE
10-SAAQ50,10-SAAQ50,,,,A008,ACTTGAAT,A500,NNNNNNNN,,SINGLEGENE
11-SAAQ51,11-SAAQ51,,,,A009,GATCAGAT,A500,NNNNNNNN,,SINGLEGENE
12-SAAQ52,12-SAAQ52,,,,A010,TAGCTTAT,A500,NNNNNNNN,,SINGLEGENE
13-SAAQ53,13-SAAQ53,,,,A011,GGCTACAT,A500,NNNNNNNN,,SINGLEGENE
14-SAAQ54,14-SAAQ54,,,,A020,GTGGCCTT,A500,NNNNNNNN,,SINGLEGENE
15-SAAQ55,15-SAAQ55,,,,A021,GTTTCGGA,A500,NNNNNNNN,,SINGLEGENE
16-SAAQ56,16-SAAQ56,,,,A022,CGTACGTA,A500,NNNNNNNN,,SINGLEGENE
17-SAAQ57,17-SAAQ57,,,,A023,GAGTGGAT,A500,NNNNNNNN,,SINGLEGENE
18-SAAQ58,18-SAAQ58,,,,A025,ACTGATAT,A500,NNNNNNNN,,SINGLEGENE
19-SAAQ59,19-SAAQ59,,,,A027,ATTCCTTT,A500,NNNNNNNN,,SINGLEGENE
20-SAAQ60,20-SAAQ60,,,,A002,CGATGTAT,A500,NNNNNNNN,,SINGLEGENE
21-SAAQ61,21-SAAQ61,,,,A004,TGACCAAT,A500,NNNNNNNN,,SINGLEGENE
22-SAAQ62,22-SAAQ62,,,,A005,ACAGTGAT,A500,NNNNNNNN,,SINGLEGENE
23-SAAQ63,23-SAAQ63,,,,A006,GCCAATAT,A500,NNNNNNNN,,SINGLEGENE
24-SAAQ64,24-SAAQ64,,,,A007,CAGATCAT,A500,NNNNNNNN,,SINGLEGENE
25-KHAF83,25-KHAF83,,,,D721,AAGGCGTA,D514,AGCTTACC,,ONCOSURE
26-KHAF84,26-KHAF84,,,,D722,CTGATGAG,D514,AGCTTACC,,ONCOSURE
27-CACW75,27-CACW75,,,,D701,ATTACTCG,D503,AGGATAGG,,ONCOSURE
28-CACW76,28-CACW76,,,,D702,TCCGGAGA,D503,AGGATAGG,,ONCOSURE
29-CACW77,29-CACW77,,,,D703,CGCTCATT,D503,AGGATAGG,,ONCOSURE
30-CACW78,30-CACW78,,,,D704,GAGATTCC,D503,AGGATAGG,,ONCOSURE
31-CACW79,31-CACW79,,,,D701,ATTACTCG,D504,TCAGAGCC,,ONCOSURE
32-CACW80,32-CACW80,,,,D702,TCCGGAGA,D504,TCAGAGCC,,ONCOSURE
33-CACW81,33-CACW81,,,,D703,CGCTCATT,D504,TCAGAGCC,,ONCOSURE
34-CACW82,34-CACW82,,,,D704,GAGATTCC,D504,TCAGAGCC,,ONCOSURE
35-CACW83,35-CACW83,,,,D701,ATTACTCG,D505,CTTCGCCT,,ONCOSURE
36-CACW84,36-CACW84,,,,D702,TCCGGAGA,D505,CTTCGCCT,,ONCOSURE
37-CACW85,37-CACW85,,,,D703,CGCTCATT,D505,CTTCGCCT,,ONCOSURE
38-CACW86,38-CACW86,,,,D704,GAGATTCC,D505,CTTCGCCT,,ONCOSURE
39-CACW87,39-CACW87,,,,D701,ATTACTCG,D506,TAAGATTA,,ONCOSURE
40-CHAB84,40-CHAB84,,,,D702,TCCGGAGA,D506,TAAGATTA,,ONCOSURE
41-CHAB85,41-CHAB85,,,,D703,CGCTCATT,D506,TAAGATTA,,ONCOSURE
42-CHAB86,42-CHAB86,,,,D704,GAGATTCC,D506,TAAGATTA,,ONCOSURE
43-CHAB87,43-CHAB87,,,,D701,ATTACTCG,D507,ACGTCCTG,,ONCOSURE
44-KABS78,44-KABS78,,,,D702,TCCGGAGA,D507,ACGTCCTG,,ONCOSURE
45-KABS79,45-KABS79,,,,D703,CGCTCATT,D507,ACGTCCTG,,ONCOSURE
46-KABS80,46-KABS80,,,,D704,GAGATTCC,D507,ACGTCCTG,,ONCOSURE
47-KABS81,47-KABS81,,,,D701,ATTACTCG,D508,GTCAGTAC,,ONCOSURE
48-KABS82,48-KABS82,,,,D702,TCCGGAGA,D508,GTCAGTAC,,ONCOSURE
49-KABS83,49-KABS83,,,,D703,CGCTCATT,D508,GTCAGTAC,,ONCOSURE
50-KABS85,50-KABS85,,,,D704,GAGATTCC,D508,GTCAGTAC,,ONCOSURE
51-KABS86,51-KABS86,,,,D705,ATTCAGAA,D501,AGGCTATA,,ONCOSURE
52-KABS87,52-KABS87,,,,D706,GAATTCGT,D501,AGGCTATA,,ONCOSURE
53-KABS88,53-KABS88,,,,D707,CTGAAGCT,D501,AGGCTATA,,ONCOSURE
54-KABS89,54-KABS89,,,,D708,TAATGCGC,D501,AGGCTATA,,ONCOSURE
55-KABS90,55-KABS90,,,,D705,ATTCAGAA,D502,GCCTCTAT,,ONCOSURE
56-KABS91,56-KABS91,,,,D706,GAATTCGT,D502,GCCTCTAT,,ONCOSURE
57-GACG98,57-GACG98,,,,S8781,GTTGCCTT,S8581,CGATCTTT,,G4500
58-GACH04,58-GACH04,,,,S8784,ACATACAC,S8584,AGCACAAG,,G4500
59-GACH05,59-GACH05,,,,S8785,CTCCATAT,S8585,GGGTAAGC,,G4500
60-GACH06,60-GACH06,,,,S8786,GCTTAAGT,S8586,TGTTTACT,,G4500
61-GACH07,61-GACH07,,,,S8787,ACACGTAT,S8587,TTACATCG,,G4500
62-GACH08,62-GACH08,,,,S8788,CAAGAAGT,S8588,CGACTAGG,,G4500
63-GACH09,63-GACH09,,,,S8759,ACTATGAT,S8559,TTCGATAG,,G4500
64-GACH10,64-GACH10,,,,S8760,CCCTATCT,S8560,GTTAGTGA,,G4500
65-GACH11,65-GACH11,,,,S8761,CGTTGTCC,S8561,CTTATCGA,,G4500
66-KABS32,66-KABS32,,,,S8762,TGGAACGG,S8562,GAATAAAG,,G4500
67-KABS33,67-KABS33,,,,S8763,CCCTTCGG,S8563,GAAGGCAG,,G4500
68-KHAF85,68-KHAF85,,,,S8764,TGTCCAAA,S8564,TTGGTTGT,,G4500
69-GACH12,69-GACH12,,,,S8725,GACATTAA,S8525,ATCCAACT,,G4500
70-GACH13,70-GACH13,,,,S8726,ATGTACGT,S8526,GCGTGTTA,,G4500
71-GACH14,71-GACH14,,,,S8727,ATGACAAA,S8527,GTGAGTCT,,G4500
72-GACH15,72-GACH15,,,,S8728,CCACCTAC,S8528,ACACTCTG,,G4500
73-GACH16,73-GACH16,,,,S8729,TGCTGTTG,S8529,CGTAATGT,,G4500
74-GACH21,74-GACH21,,,,S8734,GTGAGCTA,S8534,TTCATTGG,,G4500
75-GACH22,75-GACH22,,,,S8735,AACGCGGG,S8535,CAACTGAT,,G4500
76-GACH23,76-GACH23,,,,S8736,CTTGTGCT,S8536,GTGTATGT,,G4500
77-GACH24,77-GACH24,,,,S8737,GCTTACCC,S8537,ATATGGAG,,G4500
78-GACH25,78-GACH25,,,,S8738,AGTAAACA,S8538,ACTTAAGC,,G4500
79-GACH28,79-GACH28,,,,S8741,AGTAGTAA,S8541,TACTGATA,,G4500
80-GACH29,80-GACH29,,,,S8742,TACTAAGG,S8542,CTGACTCG,,G4500
81-GACH30,81-GACH30,,,,S8743,CATTCGGA,S8543,GATGGAAA,,G4500
82-GACH31,82-GACH31,,,,S8744,AATCGTCA,S8544,AGTTAAAG,,G4500
83-GACH32,83-GACH32,,,,S8745,GCTGATTT,S8545,ATAGAGGC,,G4500
84-GACH33,84-GACH33,,,,S8746,CGCGAAAG,S8546,AAAGGAGG,,G4500
85-GACH34,85-GACH34,,,,S8747,TTGCCACT,S8547,GGGAACTG,,G4500
86-GHAC72,86-GHAC72,,,,S8748,TTCGTGGA,S8548,ACAAGGTA,,G4500
87-QCAB14CT,87-QCAB14CT,,,,D701,ATTACTCG,D501,AGGCTATA,,MRD_LB
88-QCAB15CT,88-QCAB15CT,,,,D702,TCCGGAGA,D501,AGGCTATA,,MRD_LB
89-QCAB16CT,89-QCAB16CT,,,,D703,CGCTCATT,D501,AGGCTATA,,MRD_LB
90-QCAB17CT,90-QCAB17CT,,,,D704,GAGATTCC,D501,AGGCTATA,,MRD_LB
91-QCAB18CT,91-QCAB18CT,,,,D701,ATTACTCG,D502,GCCTCTAT,,MRD_LB
92-QCAB20CT,92-QCAB20CT,,,,D702,TCCGGAGA,D502,GCCTCTAT,,MRD_LB
93-QCAB14,93-QCAB14,,,,D703,CGCTCATT,D502,GCCTCTAT,,MRD_LB
94-QCAB15,94-QCAB15,,,,D704,GAGATTCC,D502,GCCTCTAT,,MRD_LB
95-QCAB16,95-QCAB16,,,,D713,TTCCTCCT,D514,AGCTTACC,,MRD_LB
96-QCAB17,96-QCAB17,,,,D714,TGCTTGCT,D514,AGCTTACC,,MRD_LB
97-QCAB18,97-QCAB18,,,,D715,GGTGATGA,D514,AGCTTACC,,MRD_LB
98-QCAB20,98-QCAB20,,,,D716,AACCTACG,D514,AGCTTACC,,MRD_LB
